num_branches,branch_lengths,skeleton_length,most_branches,analyzed,average_roundness,average_area,a_ratio,average_perimeter,largest_perimeter,thickness,branch_density,average_branches,average_circularity,roundness_variance,average_fractal_dim,average_num_projections,num_neighbors,proj_length,most_neighbors,most_projections,image_filename
17.949,17.949,201.222,53,38,7.916,1706.316,0.123,377.250,1659.398177742958,8.480,0.056,11.211,0.184,17.822,1.016,4.605,1.395,91.199,5,24,r04c09f05p01-ch2sk1fk1fl1.tiff
14.759,14.759,157.211,39,23,6.498,1292.957,0.287,312.393,1102.0113149881363,8.224,0.068,10.652,0.203,17.904,1.033,4.304,0.609,70.817,2,13,r05c08f08p01-ch2sk1fk1fl1.tiff
18.218,18.218,234.809,36,27,8.750,1886.741,0.278,424.667,1234.5138401985168,8.035,0.055,12.889,0.146,23.714,0.609,4.407,1.037,92.986,5,13,r03c09f04p01-ch2sk1fk1fl1.tiff
14.735,14.735,215.715,53,25,8.083,1698.240,0.188,398.930,1618.3931292295456,7.873,0.068,14.640,0.158,21.124,0.798,5.040,0.720,100.339,2,21,r04c08f03p01-ch2sk1fk1fl1.tiff
17.662,17.662,215.624,36,24,8.657,1782.625,0.249,427.508,1727.9839644432068,8.267,0.057,12.208,0.182,53.955,0.998,4.625,1.458,101.566,6,14,r02c08f04p01-ch2sk1fk1fl1.tiff
