num_branches,branch_lengths,skeleton_length,most_branches,analyzed,average_roundness,average_area,a_ratio,average_perimeter,largest_perimeter,thickness,branch_density,average_branches,average_circularity,roundness_variance,average_fractal_dim,average_num_projections,num_neighbors,proj_length,most_neighbors,most_projections,image_filename
20.049,20.049,215.072,85,33,2.769,4038.121,0.064,334.891,2952.9242099523544,18.776,0.050,10.727,0.443,3.266,0.574,5.727,0.576,101.804,3,43,r04c09f05p01-ch2sk1fk1fl1.tiff
16.419,16.419,183.138,41,26,2.473,2837.808,0.186,274.205,855.9797896146774,15.495,0.061,11.154,0.472,1.287,0.778,5.769,0.462,85.067,2,21,r05c08f08p01-ch2sk1fk1fl1.tiff
16.635,16.635,272.812,169,30,3.262,4108.967,0.223,386.674,2105.53020966053,15.062,0.060,16.400,0.444,11.490,0.440,8.133,0.633,131.355,3,75,r03c09f04p01-ch2sk1fk1fl1.tiff
16.233,16.233,204.783,90,26,2.322,3518.500,0.189,304.197,1186.153450846672,17.182,0.062,12.615,0.518,1.755,0.316,6.423,0.423,97.231,2,46,r04c08f03p01-ch2sk1fk1fl1.tiff
20.447,20.447,200.207,32,24,2.655,3976.292,0.180,329.072,1106.2884469032288,19.861,0.049,9.792,0.441,1.446,0.239,5.333,0.583,96.431,2,15,r02c08f04p01-ch2sk1fk1fl1.tiff
