num_branches,branch_lengths,skeleton_length,most_branches,analyzed,average_roundness,average_area,a_ratio,average_perimeter,largest_perimeter,thickness,branch_density,average_branches,average_circularity,roundness_variance,average_fractal_dim,average_num_projections,num_neighbors,proj_length,most_neighbors,most_projections,image_filename
14.905,14.905,281.487,293,35,5.874,2605.371,0.069,409.611,4256.432998776436,9.256,0.067,18.886,0.268,37.977,0.778,6.000,0.857,92.600,4,68,r04c09f05p01-ch2sk1fk1fl1.tiff
14.452,14.452,146.585,49,35,4.025,1453.886,0.229,252.216,741.3523738384247,9.918,0.069,10.143,0.325,4.758,0.940,3.800,0.457,60.728,1,12,r05c08f08p01-ch2sk1fk1fl1.tiff
13.406,13.406,280.178,159,30,5.054,2507.567,0.195,376.309,1760.3859857320786,8.950,0.075,20.900,0.345,22.985,0.609,5.800,0.933,69.863,4,33,r03c09f04p01-ch2sk1fk1fl1.tiff
16.701,16.701,192.585,55,32,4.129,2151.406,0.170,312.165,1474.6702560186386,11.171,0.060,11.531,0.339,7.814,0.794,4.469,0.594,78.980,2,21,r04c08f03p01-ch2sk1fk1fl1.tiff
16.290,16.290,286.851,104,23,5.828,2772.217,0.211,428.498,2230.2825161218643,9.664,0.061,17.609,0.297,44.379,0.783,6.391,0.739,94.403,5,28,r02c08f04p01-ch2sk1fk1fl1.tiff
