num_branches,branch_lengths,skeleton_length,most_branches,analyzed,average_roundness,average_area,a_ratio,average_perimeter,largest_perimeter,thickness,branch_density,average_branches,average_circularity,roundness_variance,average_fractal_dim,average_num_projections,num_neighbors,proj_length,most_neighbors,most_projections,image_filename
15.360,15.360,198.963,58,43,7.582,1587.535,0.115,354.971,1659.398177742958,7.979,0.065,12.953,0.196,17.910,1.042,6.000,1.349,76.399,5,28,r04c09f05p01-ch2sk1fk1fl1.tiff
12.635,12.635,261.719,37,7,7.952,2003.714,0.567,441.972,707.2518675327301,7.656,0.079,20.714,0.171,12.234,0.344,8.571,0.000,76.386,0,13,r05c08f08p01-ch2sk1fk1fl1.tiff
17.712,17.712,445.739,41,6,13.680,3488.500,0.514,715.068,1108.773726463318,7.826,0.056,25.167,0.091,35.730,-0.228,10.000,0.833,127.530,2,18,r03c09f04p01-ch2sk1fk1fl1.tiff
12.228,12.228,368.357,68,8,10.611,2868.875,0.318,598.492,1618.3931292295456,7.788,0.082,30.125,0.145,40.128,0.151,13.875,0.250,135.515,2,30,r04c08f03p01-ch2sk1fk1fl1.tiff
18.352,18.352,564.329,50,4,18.860,4419.000,0.618,994.613,1727.9839644432068,7.831,0.054,30.750,0.084,160.885,0.219,14.000,1.250,186.511,3,22,r02c08f04p01-ch2sk1fk1fl1.tiff
