num_branches,branch_lengths,skeleton_length,most_branches,analyzed,average_roundness,average_area,a_ratio,average_perimeter,largest_perimeter,thickness,branch_density,average_branches,average_circularity,roundness_variance,average_fractal_dim,average_num_projections,num_neighbors,proj_length,most_neighbors,most_projections,image_filename
18.886,18.886,162.849,38,53,6.692,1412.849,0.164,320.917,1235.3250237703323,8.676,0.053,8.623,0.296,24.268,0.449,3.245,1.245,69.596,3,15,r02c06f01p01-ch2sk1fk1fl1.tiff
17.686,17.686,141.776,55,61,5.702,1233.934,0.130,270.295,1160.5138399600985,8.703,0.057,8.016,0.368,25.845,0.378,3.033,1.410,64.420,6,17,r02c07f08p01-ch2sk1fk1fl1.tiff
16.423,16.423,183.119,99,40,6.078,1561.600,0.099,322.671,2409.4195976257324,8.528,0.061,11.150,0.412,30.948,0.400,3.550,0.950,68.701,3,41,r02c07f02p01-ch2sk1fk1fl1.tiff
22.615,22.615,225.665,87,47,7.267,2239.702,0.091,425.698,3600.9384948015213,9.925,0.044,9.979,0.332,59.699,0.571,4.043,1.128,93.153,4,34,r02c06f06p01-ch2sk1fk1fl1.tiff
18.146,18.146,156.829,84,56,6.277,1261.893,0.087,296.373,2544.248024582863,8.046,0.055,8.643,0.395,31.905,0.461,3.054,0.821,53.291,5,30,r02c06f03p01-ch2sk1fk1fl1.tiff
