num_branches,branch_lengths,skeleton_length,most_branches,analyzed,average_roundness,average_area,a_ratio,average_perimeter,largest_perimeter,thickness,branch_density,average_branches,average_circularity,roundness_variance,average_fractal_dim,average_num_projections,num_neighbors,proj_length,most_neighbors,most_projections,image_filename
15.718,15.718,239.701,61,32,7.657,1790.750,0.201,399.194,1316.5382257699966,7.471,0.064,15.250,0.182,23.406,0.934,6.156,0.531,87.814,2,21,r07c02f07p01-ch2sk1fk1fl1.tiff
16.291,16.291,285.765,58,24,9.014,2231.375,0.274,482.209,1909.2286950349808,7.808,0.061,17.542,0.207,77.721,0.661,7.250,0.250,96.829,1,25,r05c02f04p01-ch2sk1fk1fl1.tiff
14.658,14.658,216.318,45,33,7.633,1609.727,0.299,377.488,889.9036701917648,7.442,0.068,14.758,0.177,14.730,0.965,6.788,0.455,78.312,3,20,r04c02f01p01-ch2sk1fk1fl1.tiff
16.109,16.109,225.012,62,31,6.702,1855.581,0.251,379.613,1278.295585155487,8.247,0.062,13.968,0.211,15.479,0.904,5.581,0.613,80.071,2,14,r07c02f03p01-ch2sk1fk1fl1.tiff
17.346,17.346,221.420,84,34,6.961,1845.029,0.143,386.551,2891.1424683332443,8.333,0.058,12.765,0.255,75.044,0.955,5.500,0.971,70.844,3,29,r06c02f05p01-ch2sk1fk1fl1.tiff
