num_branches,branch_lengths,skeleton_length,most_branches,analyzed,average_roundness,average_area,a_ratio,average_perimeter,largest_perimeter,thickness,branch_density,average_branches,average_circularity,roundness_variance,average_fractal_dim,average_num_projections,num_neighbors,proj_length,most_neighbors,most_projections,image_filename
19.328,19.328,227.269,41,29,10.867,1593.448,0.201,442.962,1335.3666542768478,7.011,0.052,11.759,0.116,23.883,0.966,4.862,0.552,115.092,2,18,r07c02f07p01-ch2sk1fk1fl1.tiff
17.749,17.749,300.850,51,20,12.522,2173.900,0.280,569.625,1862.701783299446,7.226,0.056,16.950,0.147,85.227,0.818,6.100,0.250,134.100,1,17,r05c02f04p01-ch2sk1fk1fl1.tiff
17.996,17.996,199.753,35,30,9.625,1375.967,0.299,389.896,891.7615340948105,6.888,0.056,11.100,0.118,13.123,1.153,4.600,0.567,90.436,4,13,r04c02f01p01-ch2sk1fk1fl1.tiff
18.951,18.951,224.604,34,27,10.226,1636.667,0.259,442.046,1288.2955864667892,7.287,0.053,11.852,0.123,26.542,1.016,4.556,0.556,110.951,2,11,r07c02f03p01-ch2sk1fk1fl1.tiff
21.723,21.723,229.762,57,26,9.942,1803.500,0.151,445.383,2765.502860307693,7.849,0.046,10.577,0.138,82.693,1.091,4.231,0.846,85.769,3,17,r06c02f05p01-ch2sk1fk1fl1.tiff
