num_branches,branch_lengths,skeleton_length,most_branches,analyzed,average_roundness,average_area,a_ratio,average_perimeter,largest_perimeter,thickness,branch_density,average_branches,average_circularity,roundness_variance,average_fractal_dim,average_num_projections,num_neighbors,proj_length,most_neighbors,most_projections,image_filename
15.881,15.881,323.089,82,32,6.181,3382.500,0.243,481.190,2041.280426621437,10.469,0.063,20.344,0.294,31.602,0.390,6.812,1.281,95.346,4,28,r02c06f01p01-ch2sk1fk1fl1.tiff
12.846,12.846,377.453,415,34,6.745,3264.647,0.071,493.155,5759.269777178764,8.649,0.078,29.382,0.269,94.993,0.619,8.059,0.912,104.375,7,91,r02c07f08p01-ch2sk1fk1fl1.tiff
14.004,14.004,361.066,250,23,5.588,3634.870,0.132,466.275,2416.892686605453,10.067,0.071,25.783,0.256,12.988,0.231,7.043,1.174,96.472,3,45,r02c07f02p01-ch2sk1fk1fl1.tiff
17.068,17.068,413.373,146,32,7.144,4301.625,0.156,586.857,3417.92630147934,10.406,0.059,24.219,0.254,53.010,0.554,8.000,1.156,120.753,5,50,r02c06f06p01-ch2sk1fk1fl1.tiff
15.909,15.909,254.541,205,37,5.613,2517.946,0.097,380.786,3168.0856808424,9.892,0.063,16.000,0.267,26.583,0.717,5.649,0.730,86.471,3,45,r02c06f03p01-ch2sk1fk1fl1.tiff
