num_branches,branch_lengths,skeleton_length,most_branches,analyzed,average_roundness,average_area,a_ratio,average_perimeter,largest_perimeter,thickness,branch_density,average_branches,average_circularity,roundness_variance,average_fractal_dim,average_num_projections,num_neighbors,proj_length,most_neighbors,most_projections,image_filename
16.141,16.141,199.791,48,45,7.445,1636.644,0.191,366.212,1235.3250237703323,8.192,0.062,12.378,0.210,22.821,0.805,5.622,1.400,81.639,3,18,r02c06f01p01-ch2sk1fk1fl1.tiff
15.611,15.611,208.888,66,42,7.337,1724.524,0.181,367.241,1160.5138399600985,8.256,0.064,13.381,0.213,26.710,0.664,6.405,1.524,88.592,6,25,r02c07f08p01-ch2sk1fk1fl1.tiff
14.841,14.841,566.429,113,6,12.408,4908.167,0.311,848.901,2412.248024702072,8.665,0.067,38.167,0.135,105.737,-0.165,14.667,5.167,212.632,12,45,r02c07f02p01-ch2sk1fk1fl1.tiff
19.937,19.937,512.665,96,14,12.212,5252.429,0.212,874.865,3600.9384948015213,10.245,0.050,25.714,0.163,132.290,0.528,11.571,0.571,175.875,2,43,r02c06f06p01-ch2sk1fk1fl1.tiff
15.591,15.591,492.681,97,10,10.764,4043.500,0.278,729.603,2544.248024582863,8.207,0.064,31.600,0.153,91.937,-0.331,13.800,0.900,147.297,2,42,r02c06f03p01-ch2sk1fk1fl1.tiff
