num_branches,branch_lengths,skeleton_length,most_branches,analyzed,average_roundness,average_area,a_ratio,average_perimeter,largest_perimeter,thickness,branch_density,average_branches,average_circularity,roundness_variance,average_fractal_dim,average_num_projections,num_neighbors,proj_length,most_neighbors,most_projections,image_filename
15.539,15.539,182.229,53,33,3.527,2226.091,0.164,299.186,1156.2295696735382,12.216,0.064,11.727,0.357,3.856,0.667,5.970,0.364,77.047,2,27,r07c02f07p01-ch2sk1fk1fl1.tiff
15.208,15.208,209.245,56,29,3.549,2570.172,0.259,326.148,890.063049197197,12.283,0.066,13.759,0.358,3.498,0.313,7.103,0.621,92.908,2,28,r05c02f04p01-ch2sk1fk1fl1.tiff
14.593,14.593,179.412,37,34,3.492,2199.412,0.248,297.924,980.1635556221008,12.259,0.069,12.294,0.344,2.708,0.628,6.176,0.324,73.270,2,19,r04c02f01p01-ch2sk1fk1fl1.tiff
17.092,17.092,167.993,31,35,3.290,2212.343,0.289,285.567,810.0386643409729,13.169,0.059,9.829,0.415,4.635,0.587,5.286,0.943,70.983,3,16,r07c02f03p01-ch2sk1fk1fl1.tiff
13.693,13.693,193.460,170,39,3.342,2288.077,0.068,289.469,2614.532294988632,11.827,0.073,14.128,0.403,6.907,0.686,7.231,0.872,83.649,3,83,r06c02f05p01-ch2sk1fk1fl1.tiff
