num_branches,branch_lengths,skeleton_length,most_branches,analyzed,average_roundness,average_area,a_ratio,average_perimeter,largest_perimeter,thickness,branch_density,average_branches,average_circularity,roundness_variance,average_fractal_dim,average_num_projections,num_neighbors,proj_length,most_neighbors,most_projections,image_filename
17.332,17.332,342.302,38,4,13.754,2416.500,0.434,610.148,1116.4549658298492,7.060,0.058,19.750,0.077,13.194,0.816,9.500,1.000,95.601,2,17,r07c02f07p01-ch2sk1fk1fl1.tiff
18.000,18.000,442.788,54,5,16.691,3019.600,0.389,788.729,1862.701783299446,6.820,0.056,24.600,0.118,224.177,0.395,11.200,0.200,158.219,1,23,r05c02f04p01-ch2sk1fk1fl1.tiff
15.732,15.732,291.042,33,8,11.211,2107.000,0.457,518.192,891.7615340948105,7.240,0.064,18.500,0.123,22.451,0.836,8.375,0.375,109.894,1,17,r04c02f01p01-ch2sk1fk1fl1.tiff
17.114,17.114,242.043,33,7,10.810,1471.000,0.381,440.413,970.5310854911804,6.077,0.058,14.143,0.113,26.306,1.065,6.143,0.143,114.861,1,13,r07c02f03p01-ch2sk1fk1fl1.tiff
21.762,21.762,569.449,60,6,16.778,4982.167,0.417,988.432,2765.502860307693,8.749,0.046,26.167,0.093,289.043,0.243,12.333,0.667,137.109,2,26,r06c02f05p01-ch2sk1fk1fl1.tiff
